timestamp,from_add,to_add,value
1605615264,0xc28f50625cfe028ab1a3458c7cebcf9657ff1438,0x09750ad360fdb7a2ee23669c4503c974d86d8694,5654695700000000000
1605615264,0x22764de8f82f2d2a90e0ccca4556a2a5114b6461,0x09750ad360fdb7a2ee23669c4503c974d86d8694,5642037410000000000
1605615299,0x14130d36b36887620c37a404f859d11e293ec06a,0x09750ad360fdb7a2ee23669c4503c974d86d8694,5608978340000000000
1605615311,0x2f77f4523a13138b472ac6faef624cce68da2c46,0x09750ad360fdb7a2ee23669c4503c974d86d8694,5640211030000000000
1605615331,0x2315314c5cadb895c2c9982b847fd6f6a32d6129,0x09750ad360fdb7a2ee23669c4503c974d86d8694,5541052970000000000
1605615354,0x8651e8e218597e781e9a6d8ceb53ec5a236ae75b,0x09750ad360fdb7a2ee23669c4503c974d86d8694,5646796520000000000
1605615388,0x2f80a6700e4bea478ac027f019f04a78a7538d06,0x09750ad360fdb7a2ee23669c4503c974d86d8694,5623375650000000000
1605615420,0x439cb5628e64677c540a8635c86e41d83c1170d5,0x09750ad360fdb7a2ee23669c4503c974d86d8694,5658329700000000000
1605615437,0x39f3e7fa18d342de467ad9d7065a46c8385589f7,0x09750ad360fdb7a2ee23669c4503c974d86d8694,5694230660000000000
1605615468,0x3a3999e6501e2a36dd3c0b8fc2bd165fc4a22e54,0x09750ad360fdb7a2ee23669c4503c974d86d8694,5694855470000000000
1605615532,0x0a00fb2e074ffaaf6c561164c6458b5c448120fc,0x09750ad360fdb7a2ee23669c4503c974d86d8694,5515267140000000000
1605615532,0x4541c7745c82df8c10bd4a58e28161534b353064,0x09750ad360fdb7a2ee23669c4503c974d86d8694,5786532270000000000
1605615537,0x6b5c35d525d2d94c68ab5c5af9729092fc8771dd,0x09750ad360fdb7a2ee23669c4503c974d86d8694,5643299330000000000
1605615594,0xd5ce086a9d4987adf088889a520de98299e10bb5,0x09750ad360fdb7a2ee23669c4503c974d86d8694,5864531530000000000
1605615633,0xbbf84f9b823c42896c9723c0be4d5f5ede257b52,0x09750ad360fdb7a2ee23669c4503c974d86d8694,5567313270000000000
1605615856,0xc915ec7f4cfd1c0a8aba090f03bfaab588aef9b4,0x09750ad360fdb7a2ee23669c4503c974d86d8694,4932645780000000000
1605616091,0xecb6ffac05d8b4660b99b475b359fe454c77d153,0x09750ad360fdb7a2ee23669c4503c974d86d8694,5897754290000000000
1605616091,0x7f85a82a2da50540412f6e526f1d00a0690a77b8,0x09750ad360fdb7a2ee23669c4503c974d86d8694,5608851290000000000
1605616376,0xbc8b85b1515e45fb2d74333310a1d37b879732c0,0x09750ad360fdb7a2ee23669c4503c974d86d8694,5666608960000000000
1610752654,0x09750ad360fdb7a2ee23669c4503c974d86d8694,0x483d205d57f1ff227af11232be4acd34ab2c7914,106886107310000000000
1605309256,0xd0808da05cc71a9f308d330bc9c5c81bbc26fc59,0xc915ec7f4cfd1c0a8aba090f03bfaab588aef9b4,4933569780000000000
1605615856,0xc915ec7f4cfd1c0a8aba090f03bfaab588aef9b4,0x09750ad360fdb7a2ee23669c4503c974d86d8694,4932645780000000000
1605308969,0xd0808da05cc71a9f308d330bc9c5c81bbc26fc59,0xecb6ffac05d8b4660b99b475b359fe454c77d153,5898657290000000000
1605616091,0xecb6ffac05d8b4660b99b475b359fe454c77d153,0x09750ad360fdb7a2ee23669c4503c974d86d8694,5897754290000000000
1605308630,0xd0808da05cc71a9f308d330bc9c5c81bbc26fc59,0x7f85a82a2da50540412f6e526f1d00a0690a77b8,5609733290000000000
1605616091,0x7f85a82a2da50540412f6e526f1d00a0690a77b8,0x09750ad360fdb7a2ee23669c4503c974d86d8694,5608851290000000000
1605308335,0xd0808da05cc71a9f308d330bc9c5c81bbc26fc59,0xbc8b85b1515e45fb2d74333310a1d37b879732c0,5667574960000000000
1605616376,0xbc8b85b1515e45fb2d74333310a1d37b879732c0,0x09750ad360fdb7a2ee23669c4503c974d86d8694,5666608960000000000
1605308008,0xd0808da05cc71a9f308d330bc9c5c81bbc26fc59,0xbbf84f9b823c42896c9723c0be4d5f5ede257b52,5568195270000000000
1605615633,0xbbf84f9b823c42896c9723c0be4d5f5ede257b52,0x09750ad360fdb7a2ee23669c4503c974d86d8694,5567313270000000000
1605307679,0xd0808da05cc71a9f308d330bc9c5c81bbc26fc59,0xd5ce086a9d4987adf088889a520de98299e10bb5,5865413530000000000
1605615594,0xd5ce086a9d4987adf088889a520de98299e10bb5,0x09750ad360fdb7a2ee23669c4503c974d86d8694,5864531530000000000
1605307448,0xd0808da05cc71a9f308d330bc9c5c81bbc26fc59,0x6b5c35d525d2d94c68ab5c5af9729092fc8771dd,5644181330000000000
1605615537,0x6b5c35d525d2d94c68ab5c5af9729092fc8771dd,0x09750ad360fdb7a2ee23669c4503c974d86d8694,5643299330000000000
1605307323,0xd0808da05cc71a9f308d330bc9c5c81bbc26fc59,0x4541c7745c82df8c10bd4a58e28161534b353064,5787414270000000000
1605615532,0x4541c7745c82df8c10bd4a58e28161534b353064,0x09750ad360fdb7a2ee23669c4503c974d86d8694,5786532270000000000
1605306838,0xd0808da05cc71a9f308d330bc9c5c81bbc26fc59,0x0a00fb2e074ffaaf6c561164c6458b5c448120fc,5516149140000000000
1605615532,0x0a00fb2e074ffaaf6c561164c6458b5c448120fc,0x09750ad360fdb7a2ee23669c4503c974d86d8694,5515267140000000000
1605306536,0xd0808da05cc71a9f308d330bc9c5c81bbc26fc59,0x3a3999e6501e2a36dd3c0b8fc2bd165fc4a22e54,5695758470000000000
1605615468,0x3a3999e6501e2a36dd3c0b8fc2bd165fc4a22e54,0x09750ad360fdb7a2ee23669c4503c974d86d8694,5694855470000000000
1605306197,0xd0808da05cc71a9f308d330bc9c5c81bbc26fc59,0x39f3e7fa18d342de467ad9d7065a46c8385589f7,5695154660000000000
1605615437,0x39f3e7fa18d342de467ad9d7065a46c8385589f7,0x09750ad360fdb7a2ee23669c4503c974d86d8694,5694230660000000000
1605305874,0xd0808da05cc71a9f308d330bc9c5c81bbc26fc59,0x439cb5628e64677c540a8635c86e41d83c1170d5,5659295700000000000
1605615420,0x439cb5628e64677c540a8635c86e41d83c1170d5,0x09750ad360fdb7a2ee23669c4503c974d86d8694,5658329700000000000
1605303041,0xd0808da05cc71a9f308d330bc9c5c81bbc26fc59,0x22764de8f82f2d2a90e0ccca4556a2a5114b6461,5642961410000000000
1605615264,0x22764de8f82f2d2a90e0ccca4556a2a5114b6461,0x09750ad360fdb7a2ee23669c4503c974d86d8694,5642037410000000000
1605303550,0xd0808da05cc71a9f308d330bc9c5c81bbc26fc59,0xc28f50625cfe028ab1a3458c7cebcf9657ff1438,5655682700000000000
1605615264,0xc28f50625cfe028ab1a3458c7cebcf9657ff1438,0x09750ad360fdb7a2ee23669c4503c974d86d8694,5654695700000000000
1605303879,0xd0808da05cc71a9f308d330bc9c5c81bbc26fc59,0x14130d36b36887620c37a404f859d11e293ec06a,5609965340000000000
1605615299,0x14130d36b36887620c37a404f859d11e293ec06a,0x09750ad360fdb7a2ee23669c4503c974d86d8694,5608978340000000000
1605304162,0xd0808da05cc71a9f308d330bc9c5c81bbc26fc59,0x2f77f4523a13138b472ac6faef624cce68da2c46,5641198030000000000
1605615311,0x2f77f4523a13138b472ac6faef624cce68da2c46,0x09750ad360fdb7a2ee23669c4503c974d86d8694,5640211030000000000
1605304712,0xd0808da05cc71a9f308d330bc9c5c81bbc26fc59,0x2315314c5cadb895c2c9982b847fd6f6a32d6129,5542039970000000000
1605615331,0x2315314c5cadb895c2c9982b847fd6f6a32d6129,0x09750ad360fdb7a2ee23669c4503c974d86d8694,5541052970000000000
1605305497,0xd0808da05cc71a9f308d330bc9c5c81bbc26fc59,0x8651e8e218597e781e9a6d8ceb53ec5a236ae75b,5647783520000000000
1605615354,0x8651e8e218597e781e9a6d8ceb53ec5a236ae75b,0x09750ad360fdb7a2ee23669c4503c974d86d8694,5646796520000000000
1605305708,0xd0808da05cc71a9f308d330bc9c5c81bbc26fc59,0x2f80a6700e4bea478ac027f019f04a78a7538d06,5624362650000000000
1605615388,0x2f80a6700e4bea478ac027f019f04a78a7538d06,0x09750ad360fdb7a2ee23669c4503c974d86d8694,5623375650000000000
